feature,importance
num__days_since_signup,0.17930381127914594
num__feature_usage_score,0.17534415224205613
num__sessions_per_month,0.16853884557898094
num__logins_per_month,0.15448191082693669
num__support_tickets,0.05862394825695625
num__monthly_revenue,0.01885244169199346
num__onboarding_completed,0.017777020567784383
cat__region_Latin America,0.017332994253148513
cat__industry_Education,0.017299230166943024
cat__region_North America,0.015612957024743286
cat__acquisition_channel_Partner,0.015428360345578035
cat__region_Europe,0.014218097076643132
cat__acquisition_channel_Organic,0.014212936547170768
cat__region_Asia Pacific,0.013293656546441128
cat__plan_type_Starter,0.013008633894718425
cat__industry_Manufacturing,0.012072720141469201
cat__industry_Finance,0.01199978240224722
cat__industry_Healthcare,0.01167398669564103
cat__plan_type_Growth,0.01152455766605603
cat__acquisition_channel_Outbound Sales,0.011064804659463318
cat__plan_type_Enterprise,0.01007289886738129
cat__acquisition_channel_Referral,0.010068342875866427
cat__industry_SaaS,0.009467203995597332
cat__acquisition_channel_Paid Search,0.009440581553403968
cat__industry_Retail,0.00928612484363419
